-- FORD 32
USE Ford32_school;

--
-- Volcado de datos para la tabla `datosalumno`
--

INSERT INTO `DatosAlumno` (`idDatoAlumno`, `peso`, `talla`, `created_at`, `update_at`) VALUES
	(1, 23, 1.14, '2019-10-24 01:24:36', NULL),
	(2, 19.5, 1.15, '2019-10-24 01:24:36', NULL),
	(3, 21, 1.1, '2019-10-24 01:24:36', NULL),
	(4, 0, 0, '2019-10-24 01:24:36', NULL),
	(5, 22, 1.16, '2019-10-24 01:24:36', NULL),
	(6, 22, 1.18, '2019-10-24 01:24:36', NULL),
	(7, 17, 1.11, '2019-10-24 01:24:37', NULL),
	(8, 20, 1.14, '2019-10-24 01:24:37', NULL),
	(9, 25.5, 1.13, '2019-10-24 01:24:37', NULL),
	(10, 18, 1.07, '2019-10-24 01:24:37', NULL),
	(11, 21, 1.17, '2019-10-24 01:24:37', NULL),
	(12, 34, 1.22, '2019-10-24 01:24:37', NULL),
	(13, 0, 0, '2019-10-24 01:24:37', NULL),
	(14, 27, 1.13, '2019-10-24 01:24:38', NULL),
	(15, 24, 1.25, '2019-10-24 01:24:38', NULL),
	(16, 23, 1.2, '2019-10-24 01:24:38', NULL),
	(17, 0, 0, '2019-10-24 01:24:38', NULL),
	(18, 32, 1.25, '2019-10-24 01:24:38', NULL),
	(19, 18, 1.15, '2019-10-24 01:24:38', NULL),
	(20, 19, 1.18, '2019-10-24 01:24:38', NULL),
	(21, 29.5, 1.16, '2019-10-24 01:24:39', NULL),
	(22, 19.5, 1.17, '2019-10-24 01:24:39', NULL),
	(23, 20, 1.16, '2019-10-24 01:24:39', NULL),
	(24, 27.5, 1.21, '2019-10-24 01:24:39', NULL),
	(25, 39, 1.28, '2019-10-24 01:24:39', NULL),
	(26, 0, 0, '2019-10-24 01:24:39', NULL),
	(27, 0, 0, '2019-10-24 01:24:40', NULL),
	(28, 0, 0, '2019-10-24 01:24:40', NULL),
	(29, 0, 0, '2019-10-24 01:24:40', NULL),
	(30, 0, 0, '2019-10-24 01:24:40', NULL),
	(31, 0, 0, '2019-10-24 01:24:40', NULL),
	(32, 0, 0, '2019-10-24 01:24:41', NULL),
	(33, 0, 0, '2019-10-24 01:24:41', NULL),
	(34, 0, 0, '2019-10-24 01:24:41', NULL),
	(35, 0, 0, '2019-10-24 01:24:41', NULL),
	(36, 0, 0, '2019-10-24 01:24:41', NULL),
	(37, 0, 0, '2019-10-24 01:24:41', NULL),
	(38, 0, 0, '2019-10-24 01:24:41', NULL),
	(39, 0, 0, '2019-10-24 01:24:42', NULL),
	(40, 0, 0, '2019-10-24 01:24:42', NULL),
	(41, 0, 0, '2019-10-24 01:24:42', NULL),
	(42, 0, 0, '2019-10-24 01:24:43', NULL),
	(43, 0, 0, '2019-10-24 01:24:43', NULL),
	(44, 0, 0, '2019-10-24 01:24:43', NULL),
	(45, 0, 0, '2019-10-24 01:24:43', NULL),
	(46, 0, 0, '2019-10-24 01:24:44', NULL),
	(47, 0, 0, '2019-10-24 01:24:44', NULL),
	(48, 0, 0, '2019-10-24 01:24:44', NULL),
	(49, 0, 0, '2019-10-24 01:24:44', NULL),
	(50, 0, 0, '2019-10-24 01:24:44', NULL),
	(51, 0, 0, '2019-10-24 01:24:44', NULL),
	(52, 0, 0, '2019-10-24 01:24:44', NULL),
	(53, 0, 0, '2019-10-24 01:24:45', NULL),
	(54, 0, 0, '2019-10-24 01:24:45', NULL),
	(55, 0, 0, '2019-10-24 01:24:45', NULL),
	(56, 0, 0, '2019-10-24 01:24:45', NULL),
	(57, 0, 0, '2019-10-24 01:24:45', NULL),
	(58, 0, 0, '2019-10-24 01:24:45', NULL),
	(59, 0, 0, '2019-10-24 01:24:45', NULL),
	(60, 0, 0, '2019-10-24 01:24:46', NULL),
	(61, 0, 0, '2019-10-24 01:24:46', NULL),
	(62, 0, 0, '2019-10-24 01:24:46', NULL),
	(63, 0, 0, '2019-10-24 01:24:46', NULL),
	(64, 0, 0, '2019-10-24 01:24:47', NULL),
	(65, 0, 0, '2019-10-24 01:24:47', NULL),
	(66, 0, 0, '2019-10-24 01:24:47', NULL),
	(67, 0, 0, '2019-10-24 01:24:48', NULL),
	(68, 0, 0, '2019-10-24 01:24:48', NULL),
	(69, 0, 0, '2019-10-24 01:24:48', NULL),
	(70, 0, 0, '2019-10-24 01:24:48', NULL),
	(71, 0, 0, '2019-10-24 01:24:48', NULL),
	(72, 0, 0, '2019-10-24 01:24:48', NULL),
	(73, 0, 0, '2019-10-24 01:24:49', NULL),
	(74, 0, 0, '2019-10-24 01:24:49', NULL),
	(75, 0, 0, '2019-10-24 01:24:49', NULL),
	(76, 0, 0, '2019-10-24 01:24:49', NULL),
	(77, 0, 0, '2019-10-24 01:24:49', NULL),
	(78, 0, 0, '2019-10-24 01:24:49', NULL),
	(79, 0, 0, '2019-10-24 01:24:49', NULL),
	(80, 0, 0, '2019-10-24 01:24:50', NULL),
	(81, 0, 0, '2019-10-24 01:24:50', NULL),
	(82, 0, 0, '2019-10-24 01:24:50', NULL),
	(83, 0, 0, '2019-10-24 01:24:50', NULL),
	(84, 0, 0, '2019-10-24 01:24:50', NULL),
	(85, 0, 0, '2019-10-24 01:24:50', NULL),
	(86, 0, 0, '2019-10-24 01:24:51', NULL),
	(87, 0, 0, '2019-10-24 01:24:51', NULL),
	(88, 0, 0, '2019-10-24 01:24:51', NULL),
	(89, 0, 0, '2019-10-24 01:24:51', NULL),
	(90, 0, 0, '2019-10-24 01:24:51', NULL),
	(91, 0, 0, '2019-10-24 01:24:51', NULL),
	(92, 0, 0, '2019-10-24 01:24:51', NULL),
	(93, 0, 0, '2019-10-24 01:24:52', NULL);


--
-- Volcado de datos para la tabla `tutores`
--

INSERT INTO `Tutores` (`idTutor`, `nombre`, `ape_paterno`, `ape_materno`, `fec_nacimiento`, `sexo`, `domicilio`, `telefono`, `celular`, `created_at`, `update_at`) VALUES
	(1, 'GUILLERMINA', 'VALENCIA', 'CRUZ', NULL, NULL, NULL, NULL, NULL, '2019-10-24 01:12:17', NULL),
	(2, 'NORMA LETICIA', 'VAZQUEZ', 'ALVAREZ', NULL, NULL, NULL, NULL, NULL, '2019-10-24 01:12:17', NULL),
	(3, 'CELINA', 'BASTIAN', 'VASQUEZ', NULL, NULL, NULL, NULL, NULL, '2019-10-24 01:12:18', NULL),
	(4, 'NAYANIT', 'ROSADO', 'MONTERO', NULL, NULL, NULL, NULL, NULL, '2019-10-24 01:12:18', NULL),
	(5, 'ESTELA ZULEIMA', 'CANCINO', 'ESTRADA', NULL, NULL, NULL, NULL, NULL, '2019-10-24 01:12:18', NULL),
	(6, 'MARGARITA', 'IZQUIERDO', 'CLEMENTE', NULL, NULL, NULL, NULL, NULL, '2019-10-24 01:12:18', NULL),
	(7, 'MARIA DE LOURDES', 'BOCARANDO', 'RODRIGUEZ', NULL, NULL, NULL, NULL, NULL, '2019-10-24 01:12:18', NULL),
	(8, 'FRANCISCA', 'SANTES', 'VAZQUEZ', NULL, NULL, NULL, NULL, NULL, '2019-10-24 01:12:19', NULL),
	(9, 'JASMIN', 'GERONIMO', 'PARRAL', NULL, NULL, NULL, NULL, NULL, '2019-10-24 01:12:19', NULL),
	(10, 'VICTOR HUGO', 'OLMEDO', 'GARCÍA', NULL, NULL, NULL, NULL, NULL, '2019-10-24 01:12:19', NULL),
	(11, 'FRANCISCA', 'SANTES', 'VAZQUEZ', NULL, NULL, NULL, NULL, NULL, '2019-10-24 01:12:19', NULL),
	(12, 'VIVIANA', 'PERDOMO', 'GARCÍA', NULL, NULL, NULL, NULL, NULL, '2019-10-24 01:12:19', NULL),
	(13, 'MARIA GUADALUPE', 'SANTIAGO', 'LOPEZ', NULL, NULL, NULL, NULL, NULL, '2019-10-24 01:12:20', NULL),
	(14, 'MARÍA DE LOS ANGELES', 'AVELINO', 'GARCÍA', NULL, NULL, NULL, NULL, NULL, '2019-10-24 01:12:20', NULL),
	(15, 'BRIANDA', 'SANTES', 'RODRIGUEZ', NULL, NULL, NULL, NULL, NULL, '2019-10-24 01:12:20', NULL),
	(16, 'MERCY JARETTE', 'SEBASTIAN', 'VARGAS', NULL, NULL, NULL, NULL, NULL, '2019-10-24 01:12:20', NULL),
	(17, 'MARIA GUADALUPE', 'ESTRADA', 'PEREZ', NULL, NULL, NULL, NULL, NULL, '2019-10-24 01:12:20', NULL),
	(18, 'JUDITH', 'ANDRADE', 'JUAREZ', NULL, NULL, NULL, NULL, NULL, '2019-10-24 01:12:20', NULL),
	(19, 'NOELIA YADIRA', 'LOPEZ', 'ALARCON', NULL, NULL, NULL, NULL, NULL, '2019-10-24 01:12:21', NULL),
	(20, 'IRENE', 'SIMBRON', 'TEJADA', NULL, NULL, NULL, NULL, NULL, '2019-10-24 01:12:21', NULL),
	(21, 'EDITH', 'TEJADA', 'SANTES', NULL, NULL, NULL, NULL, NULL, '2019-10-24 01:12:21', NULL),
	(22, 'OFELIA', 'MALDONADO', 'VIDAL', NULL, NULL, NULL, NULL, NULL, '2019-10-24 01:12:21', NULL),
	(23, 'OFELIA', 'SOSA', 'GARCÍA', NULL, NULL, NULL, NULL, NULL, '2019-10-24 01:12:21', NULL),
	(24, 'ERIKA', 'HERNANDEZ', 'PEREZ', NULL, NULL, NULL, NULL, NULL, '2019-10-24 01:12:21', NULL),
	(25, 'KEREN', 'RIVERA', 'NAVA', NULL, NULL, NULL, NULL, NULL, '2019-10-24 01:12:22', NULL),
	(26, 'CELINA', 'BASTIAN', 'VAZQUEZ', NULL, NULL, NULL, NULL, NULL, '2019-10-24 01:12:22', NULL),
	(27, 'MARIA DEL ROSARIO', 'RODRIGUEZ', 'GUZMAN', NULL, NULL, NULL, NULL, NULL, '2019-10-24 01:12:22', NULL),
	(28, 'MARIA MAGDALENA', 'MENDEZ', 'MORGADO', NULL, NULL, NULL, NULL, NULL, '2019-10-24 01:12:22', NULL),
	(29, 'MARIELA', 'GARCÍA', 'BALDERRABANO', NULL, NULL, NULL, NULL, NULL, '2019-10-24 01:12:22', NULL),
	(30, 'CECILIA', 'GARCÍA', 'GARCÍA', NULL, NULL, NULL, NULL, NULL, '2019-10-24 01:12:23', NULL),
	(31, 'ARACELI', 'TEJADA', 'LARIOS', NULL, NULL, NULL, NULL, NULL, '2019-10-24 01:12:23', NULL),
	(32, 'OLGA BEATRIZ', 'SALAS', 'DE LA CRUZ', NULL, NULL, NULL, NULL, NULL, '2019-10-24 01:12:23', NULL),
	(33, ' CLAUDIA IVETH ', 'PACHECO', 'VÁZQUEZ', NULL, NULL, NULL, NULL, NULL, '2019-10-24 01:12:23', NULL),
	(34, 'ANA KARINA', 'GRANADOS', 'BAUTISTA', NULL, NULL, NULL, NULL, NULL, '2019-10-24 01:12:23', NULL),
	(35, 'CHANTAL', 'REYES', 'PEREZ', NULL, NULL, NULL, NULL, NULL, '2019-10-24 01:12:23', NULL),
	(36, 'MARIA ANTONIETA', 'QUIROZ', 'LOPEZ', NULL, NULL, NULL, NULL, NULL, '2019-10-24 01:12:24', NULL),
	(37, 'GUSTAVO', 'SALAS', 'RODRIGUEZ', NULL, NULL, NULL, NULL, NULL, '2019-10-24 01:12:24', NULL),
	(38, 'ISABEL', 'ORTEGA', 'BERNABE', NULL, NULL, NULL, NULL, NULL, '2019-10-24 01:12:24', NULL),
	(39, 'ESTELA ZULEIMA', 'CANCINO', 'ESTRADA', NULL, NULL, NULL, NULL, NULL, '2019-10-24 01:12:24', NULL),
	(40, 'MARIA MAGDALENA ', 'MENDEZ', 'MORGADO', NULL, NULL, NULL, NULL, NULL, '2019-10-24 01:12:24', NULL),
	(41, 'VERONICA ELENA ', 'GARCIA', 'GARCIA', NULL, NULL, NULL, NULL, NULL, '2019-10-24 01:12:24', NULL),
	(42, 'VIRGINIA', 'HERNANDEZ', 'JUAREZ', NULL, NULL, NULL, NULL, NULL, '2019-10-24 01:12:25', NULL),
	(43, 'MARIA DE LOURDES', 'RODRIGUEZ', 'BOCARANDO', NULL, NULL, NULL, NULL, NULL, '2019-10-24 01:12:25', NULL),
	(44, 'VALENTINA', 'OLMOS', 'HERNANDEZ', NULL, NULL, NULL, NULL, NULL, '2019-10-24 01:12:25', NULL),
	(45, 'BEATRIZ', 'GUZMAN', 'GONZALES', NULL, NULL, NULL, NULL, NULL, '2019-10-24 01:12:25', NULL),
	(46, 'YASMIN', 'CRUZ', 'BAUTISTA', NULL, NULL, NULL, NULL, NULL, '2019-10-24 01:12:25', NULL),
	(47, 'MARGARITA', 'CARREON', 'MARTINEZ', NULL, NULL, NULL, NULL, NULL, '2019-10-24 01:12:25', NULL),
	(48, 'ERIKA ANAHI', 'VALENCIA', 'GARCIA', NULL, NULL, NULL, NULL, NULL, '2019-10-24 01:12:25', NULL),
	(49, 'FRANCISCA', 'SANTES', 'VAZQUES', NULL, NULL, NULL, NULL, NULL, '2019-10-24 01:12:26', NULL),
	(50, 'EDITH', 'TEJADA', 'SANTES', NULL, NULL, NULL, NULL, NULL, '2019-10-24 01:12:26', NULL),
	(51, 'MARIA DEL CARMEN', 'TEJADA', 'VAZQUES', NULL, NULL, NULL, NULL, NULL, '2019-10-24 01:12:26', NULL),
	(52, 'LAURA AREMI', 'CRUZ', 'BAUTIZTA', NULL, NULL, NULL, NULL, NULL, '2019-10-24 01:12:26', NULL),
	(53, 'DE LOS SANTOS', 'MONTOYA', 'ISRAEL', NULL, NULL, NULL, NULL, NULL, '2019-10-24 01:12:26', NULL),
	(54, 'ARACELY', 'TEJADA', 'LARIOS', NULL, NULL, NULL, NULL, NULL, '2019-10-24 01:12:26', NULL),
	(55, 'CLAUDIO', 'MALPICA', 'FRANCISCO', NULL, NULL, NULL, NULL, NULL, '2019-10-24 01:12:26', NULL),
	(56, 'CECILIA', 'GOMEZ', 'PEREZ', NULL, NULL, NULL, NULL, NULL, '2019-10-24 01:12:27', NULL),
	(57, 'MARÍA GUADALUPE', 'FERNANDEZ', 'RAMIREZ', NULL, NULL, NULL, NULL, NULL, '2019-10-24 01:12:27', NULL),
	(58, 'ELSA', 'GONZALES', 'CORTEZ', NULL, NULL, NULL, NULL, NULL, '2019-10-24 01:12:27', NULL),
	(59, 'JUAN CARLOS', 'MELGAREJO', 'GARCÍA', NULL, NULL, NULL, NULL, NULL, '2019-10-24 01:12:27', NULL),
	(60, 'LILIANA', 'LOPEZ', 'FRANCISO', NULL, NULL, NULL, NULL, NULL, '2019-10-24 01:12:28', NULL),
	(61, 'MARIA ELISA', 'MARIA', 'PEREZ', NULL, NULL, NULL, NULL, NULL, '2019-10-24 01:12:28', NULL),
	(62, 'MARISOL', 'GARCÍA', 'GUERRA', NULL, NULL, NULL, NULL, NULL, '2019-10-24 01:12:28', NULL),
	(63, 'MERCY JARETTE', 'SEBASTIAN', 'VARGAS', NULL, NULL, NULL, NULL, NULL, '2019-10-24 01:12:28', NULL),
	(64, 'CELINA', 'BASTIAN', 'VAZQUEZ', NULL, NULL, NULL, NULL, NULL, '2019-10-24 01:12:29', NULL),
	(65, 'ROSALIA', 'GONZALES', 'VAZQUEZ', NULL, NULL, NULL, NULL, NULL, '2019-10-24 01:12:29', NULL),
	(66, 'LILIA', 'HERNANDEZ', 'GARCIA', NULL, NULL, NULL, NULL, NULL, '2019-10-24 01:12:29', NULL),
	(67, 'YASMIN', 'CRUZ', 'BAUTISTA', NULL, NULL, NULL, NULL, NULL, '2019-10-24 01:12:29', NULL),
	(68, 'OLGA GUADALUPE', 'CASTILLO', 'LEAL', NULL, NULL, NULL, NULL, NULL, '2019-10-24 01:12:29', NULL),
	(69, 'MARIELA', 'GARCIA', 'BALDERABANO', NULL, NULL, NULL, NULL, NULL, '2019-10-24 01:12:30', NULL),
	(70, 'JOSE LUIS', 'HERNANDEZ', 'GANDARA', NULL, NULL, NULL, NULL, NULL, '2019-10-24 01:12:30', NULL),
	(71, 'FRANCISCA', 'SANTES', 'VAZQUEZ', NULL, NULL, NULL, NULL, NULL, '2019-10-24 01:12:30', NULL),
	(72, 'ERIKA', 'CAMPOS', 'NUÑES', NULL, NULL, NULL, NULL, NULL, '2019-10-24 01:12:30', NULL),
	(73, 'ERIKA ANAHI', 'VALENCIA', 'GARCIA', NULL, NULL, NULL, NULL, NULL, '2019-10-24 01:12:30', NULL),
	(74, 'SELENA', 'GARCIA', 'SOSA', NULL, NULL, NULL, NULL, NULL, '2019-10-24 01:12:30', NULL),
	(75, 'ENRIQUETA', 'GAONA', 'JIMENEZ', NULL, NULL, NULL, NULL, NULL, '2019-10-24 01:12:31', NULL),
	(76, 'AMY VICTORIA', 'OLMEDO', 'GARCIA', NULL, NULL, NULL, NULL, NULL, '2019-10-24 01:12:31', NULL),
	(77, 'ANA KAREN', 'GARCIA', 'HERNANDEZ', NULL, NULL, NULL, NULL, NULL, '2019-10-24 01:12:32', NULL),
	(78, 'MAURA', 'VALENCIA', 'RAMIREZ', NULL, NULL, NULL, NULL, NULL, '2019-10-24 01:12:32', NULL),
	(79, 'LILIA', 'HERNANDEZ', 'GARCIA', NULL, NULL, NULL, NULL, NULL, '2019-10-24 01:12:32', NULL),
	(80, 'BEATRIZ', 'GUZMAN', 'GONZALES', NULL, NULL, NULL, NULL, NULL, '2019-10-24 01:12:32', NULL),
	(81, 'MARIELA', 'GARCIA', 'BALDERABANO', NULL, NULL, NULL, NULL, NULL, '2019-10-24 01:12:32', NULL),
	(82, 'FRANCISCA', 'SANTES', 'VAZQUEZ', NULL, NULL, NULL, NULL, NULL, '2019-10-24 01:12:32', NULL),
	(83, 'LETICIA', 'SANTES', 'OLARTE', NULL, NULL, NULL, NULL, NULL, '2019-10-24 01:12:32', NULL),
	(84, 'DULCE MALENA', 'GARCIA', 'MAYA', NULL, NULL, NULL, NULL, NULL, '2019-10-24 01:12:33', NULL),
	(85, 'ANA KARINA', 'GRANADOS', 'BAUTISTA', NULL, NULL, NULL, NULL, NULL, '2019-10-24 01:12:33', NULL),
	(86, 'ENRIQUETA', 'GAONA', 'JIMENEZ', NULL, NULL, NULL, NULL, NULL, '2019-10-24 01:12:33', NULL),
	(87, 'HORTENCIA', 'SETIEN', 'VAZQUEZ', NULL, NULL, NULL, NULL, NULL, '2019-10-24 01:12:33', NULL),
	(88, 'ALMA DELIA', 'CRUZ', 'QUINTANA', NULL, NULL, NULL, NULL, NULL, '2019-10-24 01:12:33', NULL),
	(89, 'ALDA LINDA', 'TRUJILLO', 'BALDERABANO', NULL, NULL, NULL, NULL, NULL, '2019-10-24 01:12:34', NULL),
	(90, 'GRACIELA ', 'BENAVIDES', 'PEREZ', NULL, NULL, NULL, NULL, NULL, '2019-10-24 01:12:34', NULL),
	(91, 'MARIA GUADALUPE', 'FERNANDEZ', 'RAMIREZ', NULL, NULL, NULL, NULL, NULL, '2019-10-24 01:12:34', NULL),
	(92, 'TERESA', 'PEREZ', 'GARCIA', NULL, NULL, NULL, NULL, NULL, '2019-10-24 01:12:34', NULL),
	(93, 'JOSE', 'ORTIZ', 'GARCIA', NULL, NULL, NULL, NULL, NULL, '2019-10-24 01:12:34', NULL);


-- INSERT 
INSERT INTO `Alumnos` (`idAlumno`, `nombre`, `ape_paterno`, `ape_materno`, `activo`, `fec_nacimiento`, `sexo`, `curp`, `fk_lugar_nacimiento`, `fk_tutor`, `fk_dato_alumno`, `fk_tipo_sangre`, `fk_grupo`, `created_at`, `update_at`) VALUES
	(1, 'GERARDO DE JESUS', 'BANDALA', 'VALENCIA', '1', '2013-12-08', 'M', 'BAVG131208HVZNLRA2', NULL, 1, 1, NULL, 1, '2019-10-23 23:37:54', NULL),
	(2, 'BRAIYAN DE JESUS', 'BASILIO', 'VAZQUEZ', '1', '2013-04-09', 'M', 'BAVB130409HVZSZRA8', NULL, 2, 2, NULL, 1, '2019-10-23 23:37:55', NULL),
	(3, 'JONATHAN GEOVANNI', 'BASTIAN', 'DE LOS SANTOS', '1', '2013-05-13', 'M', 'BASJ130513HVZSNHA4', NULL, 3, 3, NULL, 1, '2019-10-23 23:37:55', NULL),
	(4, 'KITZIA NAHOMI', 'BECERRA', 'ROSADO', '1', '2013-04-11', 'F', 'BERK130411MVZCSTA8', NULL, 4, 4, NULL, 1, '2019-10-23 23:37:55', NULL),
	(5, 'LUIS ABEL', 'CANCINO', 'ESTRADA', '1', '2013-06-07', 'M', 'CAEL130607HVZNSSA9', NULL, 5, 5, NULL, 1, '2019-10-23 23:37:55', NULL),
	(6, 'CARLOS EDUARDO', 'GALINDO', 'CASTRO', '1', '2013-06-27', 'M', 'GACC130627HVZLSRA7', NULL, 6, 6, NULL, 1, '2019-10-23 23:37:55', NULL),
	(7, 'OSMAR GANEN', 'GARCÍA', 'RODRÍGUEZ', '1', '2013-05-31', 'M', 'GARO130531HVZRDSA7', NULL, 7, 7, NULL, 1, '2019-10-23 23:37:56', NULL),
	(8, 'ARNULFO', 'HERNÁNDEZ', 'SANTES', '1', '2013-01-18', 'M', 'HESA130118HVZRNRA4', NULL, 8, 8, NULL, 1, '2019-10-23 23:37:56', NULL),
	(9, 'JESÚS ALBERTO', 'MELGAREJO', 'JERÓNIMO', '1', '2013-04-22', 'M', 'MEJJ130422HVZLRSA2', NULL, 9, 9, NULL, 1, '2019-10-23 23:37:56', NULL),
	(10, 'KARLA DAYREN', 'OLMEDO', 'VICENTE', '1', '2013-07-14', 'F', 'OEVK130714MVZLCRA1', NULL, 10, 10, NULL, 1, '2019-10-23 23:37:56', NULL),
	(11, 'ESTEFANÍA', 'QUIROZ', 'SANTES', '1', '2013-01-17', 'F', 'QUSE130117MVZRNSA1', NULL, 11, 11, NULL, 1, '2019-10-23 23:37:56', NULL),
	(12, 'DAYANA GUADALUPE', 'SALINAS', 'PERDOMO', '1', '2013-02-05', 'F', 'SAPD130205MVZLRYA9', NULL, 12, 12, NULL, 1, '2019-10-23 23:37:56', NULL),
	(13, 'EMMANUEL', 'SANTIAGO', 'LOPEZ', '1', '2013-12-07', 'M', 'SALE131207HVZNPMA1', NULL, 13, 13, NULL, 1, '2019-10-23 23:37:57', NULL),
	(14, 'MARISOL', 'SIMBRON', 'AVELINO', '1', '2013-01-05', 'F', 'SIAM130105MVZMVRA5', NULL, 14, 14, NULL, 1, '2019-10-23 23:37:57', NULL),
	(15, 'FATIMA CLARET', 'AGUILAR', 'SANTES', '1', '2012-05-27', 'F', 'AUSF120527MVZGNTA8', NULL, 15, 15, NULL, 3, '2019-10-23 23:37:57', NULL),
	(16, 'LEONARDO ALBERTO', 'BANDALA', 'SEBASTIAN', '1', '2012-01-12', 'M', 'BASL120112HVZNBNA0', NULL, 16, 16, NULL, 3, '2019-10-23 23:37:57', NULL),
	(17, 'YAZMIN ABRIL', 'CANCINO', 'ESTRADA', '1', '2012-04-05', 'F', 'CAEY120405MVZNSZA1', NULL, 17, 17, NULL, 3, '2019-10-23 23:37:57', NULL),
	(18, 'EDUARDO', 'CRUZ', 'HERNANDEZ', '1', '2012-02-15', 'M', 'CUHE120215HVZRRDA1', NULL, 18, 18, NULL, 3, '2019-10-23 23:37:58', NULL),
	(19, 'CIELO LISSET', 'LOPEZ', 'ALARCON', '1', '2012-12-22', 'F', 'LOAC121222MVZPLLA2', NULL, 19, 19, NULL, 3, '2019-10-23 23:37:58', NULL),
	(20, 'TERESA YAMILETH', 'RUIZ', 'SIMBRON', '1', '2012-09-05', 'F', 'RUST120905MVZZMRA3', NULL, 20, 20, NULL, 3, '2019-10-23 23:37:58', NULL),
	(21, 'ZURIA MELISA', 'SAAVEDRA', 'TEJADA', '1', '2012-05-16', 'F', 'SATZ120516MVZVJRA3', NULL, 21, 21, NULL, 3, '2019-10-23 23:37:58', NULL),
	(22, 'YIREH', 'SALAS', 'MALDONADO', '1', '2012-12-07', 'M', 'SAMY121207HVZLLRA5', NULL, 22, 22, NULL, 3, '2019-10-23 23:37:58', NULL),
	(23, 'ANGELICA', 'SOSA', 'GARCIA', '1', '2012-05-11', 'F', 'SOGA120511MVZSRNA1', NULL, 23, 23, NULL, 3, '2019-10-23 23:37:58', NULL),
	(24, 'HEIDI BETSABE', 'VILLA', 'HERNÁNDEZ', '1', '2012-05-17', 'F', 'VIHH120517MVZLRDA1', NULL, 24, 24, NULL, 3, '2019-10-23 23:37:59', NULL),
	(25, 'JEFTE ESTEBAN', 'VIVEROS', 'RIVERA', '1', '2012-08-20', 'M', 'VIRJ120820HVZVVFA8', NULL, 25, 25, NULL, 3, '2019-10-23 23:37:59', NULL),
	(26, 'AXEL', 'BASTIAN', 'DE LOS SANTOS', '1', '2011-07-17', 'M', 'BASA110717HVZSNXA6', NULL, 26, 26, NULL, 5, '2019-10-23 23:37:59', NULL),
	(27, 'OSVALDO ODARBIL', 'CABRERA', 'RODRIGUEZ', '1', '2011-10-08', 'M', 'CARO111008HVZBDSA0', NULL, 27, 27, NULL, 5, '2019-10-23 23:37:59', NULL),
	(28, 'JONATHAN URIEL', 'DORANTES', 'MENDEZ', '1', '2011-09-21', 'M', 'DOMJ110921HVZRNNA2', NULL, 28, 28, NULL, 5, '2019-10-23 23:37:59', NULL),
	(29, 'EBER NATANAEL', 'GARCIA', 'GOMEZ', '1', '2011-08-15', 'M', 'GAGE110815HVZRMBA9', NULL, 29, 29, NULL, 5, '2019-10-23 23:37:59', NULL),
	(30, 'JOSE IGNACIO', 'HERNANDEZ', 'GARCIA', '1', '2011-10-14', 'M', 'HEGI111014HVZRRGA9', NULL, 30, 30, NULL, 5, '2019-10-23 23:37:59', NULL),
	(31, 'GUSTAVO YAHIR', 'HERNANDEZ', 'TEJADA', '1', '2010-11-01', 'M', 'HETG101101HVZRJSA1', NULL, 31, 31, NULL, 5, '2019-10-23 23:37:59', NULL),
	(32, 'JONATHAN JONAS', 'MENDEZ', 'SALAS', '1', '2011-11-01', 'M', 'MESJ111101HVZNLNA4', NULL, 32, 32, NULL, 5, '2019-10-23 23:38:00', NULL),
	(33, 'CRISTIAN ALEXIS', 'NICANOR', 'PACHECO', '1', '2011-11-14', 'M', 'NIPC111114HPLCCRA2', NULL, 33, 33, NULL, 5, '2019-10-23 23:38:00', NULL),
	(34, 'DANARELI', 'OLMEDO', 'GRANADOS', '1', '2011-11-24', 'F', 'OEGD111124MVZLRNA3', NULL, 34, 34, NULL, 5, '2019-10-23 23:38:00', NULL),
	(35, 'ALEXIS MICHELLE', 'PEREZ', 'REYES', '1', '2011-11-07', 'M', 'PERA111107HVZRYLA4', NULL, 35, 35, NULL, 5, '2019-10-23 23:38:00', NULL),
	(36, 'RODRIGO DE JESUS', 'REYES', 'QUIROZ', '1', '2011-12-07', 'M', 'REQR111207HVZYRDA0', NULL, 36, 36, NULL, 5, '2019-10-23 23:38:00', NULL),
	(37, 'ANGEL ALFREDO', 'SALAS', 'DE LA CRUZ', '1', '2011-03-26', 'M', 'SACA110326HVZLRNA0', NULL, 37, 37, NULL, 5, '2019-10-23 23:38:00', NULL),
	(38, 'STORMIE DANIELA', 'CAMPOS', 'ORTEGA', '1', '2010-02-10', 'F', 'CAOS100210MVZMRTA5', NULL, 38, 38, NULL, 7, '2019-10-23 23:38:00', NULL),
	(39, 'ANDREA ROCIO', 'CANCINO', 'ESTRADA', '1', '2010-10-08', 'F', 'CAEA101008MVZNSNA6', NULL, 39, 39, NULL, 7, '2019-10-23 23:38:01', NULL),
	(40, 'JULIO CESAR', 'DORANTES', 'MENDEZ', '1', '2010-07-18', 'M', 'DOMJ100718HVZRNLA0', NULL, 40, 40, NULL, 7, '2019-10-23 23:38:01', NULL),
	(41, 'CESAR', 'GARCIA', 'HERNANDEZ', '1', '2010-02-09', 'M', 'GAHC100209HVZRRSA8', NULL, 41, 41, NULL, 7, '2019-10-23 23:38:01', NULL),
	(42, 'LAURA SARAHI', 'GARCIA', 'HERNANDEZ', '1', '2010-03-23', 'F', 'GAHL100323MVZRRRA9', NULL, 42, 42, NULL, 7, '2019-10-23 23:38:01', NULL),
	(43, 'AXEL VIDAL', 'GARCIA', 'RODRIGUEZ', '1', '2010-12-04', 'M', 'GARA101204HVZRDXA0', NULL, 43, 43, NULL, 7, '2019-10-23 23:38:01', NULL),
	(44, 'SANDRA YOSELIN', 'GONZALEZ', 'OLMOS', '1', '2010-04-13', 'F', 'GOOS100413MVZNLNA3', NULL, 44, 44, NULL, 7, '2019-10-23 23:38:01', NULL),
	(45, 'GIOVANI', 'GUZMAN', 'GONZALEZ', '1', '2010-03-31', 'M', 'GUGG100331HVZZNVA9', NULL, 45, 45, NULL, 7, '2019-10-23 23:38:01', NULL),
	(46, 'PEDRO', 'HERNANDEZ', 'CRUZ', '1', '2010-07-21', 'M', 'HECP100721HTSRRDA3', NULL, 46, 46, NULL, 7, '2019-10-23 23:38:02', NULL),
	(47, 'LUZ YAERLI', 'MARTINEZ', 'CARREON', '1', '2010-04-07', 'F', 'MACL100407MVZRRZA0', NULL, 47, 47, NULL, 7, '2019-10-23 23:38:02', NULL),
	(48, 'YAMILETH', 'PALAGOT', 'VALENCIA', '1', '2009-11-28', 'F', 'PAVY091128MTSLLMA8', NULL, 48, 48, NULL, 7, '2019-10-23 23:38:02', NULL),
	(49, 'JOSE ARMANDO', 'QUIROZ', 'SANTES', '1', '2010-09-24', 'M', 'QUSA100924HVZRNRA2', NULL, 49, 49, NULL, 7, '2019-10-23 23:38:02', NULL),
	(50, 'JESUS ALFREDO', 'SAAVEDRA', 'TEJADA', '1', '2010-01-24', 'M', 'SATJ100124HVZVJSA3', NULL, 50, 50, NULL, 7, '2019-10-23 23:38:02', NULL),
	(51, 'ABRIL DEL CARMEN', 'SOTO', 'TEJADA', '1', '2010-03-16', 'F', 'SOTA100316MVZTJBA7', NULL, 51, 51, NULL, 7, '2019-10-23 23:38:02', NULL),
	(52, 'GAEL GUADALUPE', 'CRUZ', 'BAUTISTA', '1', '2010-12-12', 'M', 'CUBG101212HVZRTLA6', NULL, 52, 52, NULL, 8, '2019-10-23 23:38:02', NULL),
	(53, 'DE LOS SANTOS', 'MARTINEZ', 'JOSE ANGEL', '1', '2010-10-05', 'M', 'SAMA101005HTSNRNA9', NULL, 53, 53, NULL, 8, '2019-10-23 23:38:03', NULL),
	(54, 'LUCERO YANET', 'HERNANDEZ', 'TEJADA', '1', '2009-05-16', 'F', 'HETL090516MVZRJCA7', NULL, 54, 54, NULL, 8, '2019-10-23 23:38:03', NULL),
	(55, 'CLAUDIA HARUMI', 'MALPICA', 'MELGAREJO', '1', '2010-11-16', 'F', 'MAMC101116MVZLLLA3', NULL, 55, 55, NULL, 8, '2019-10-23 23:38:03', NULL),
	(56, 'MIGUEL ANGEL', 'PEREZ', 'OLMOS', '1', '2009-10-03', 'M', 'PEOM091003HVZRLGA0', NULL, 56, 56, NULL, 8, '2019-10-23 23:38:03', NULL),
	(57, 'EDITH GUADALUPE', 'SANTIAGO', 'FERNANDEZ', '1', '2010-11-06', 'F', 'SAFE101106MTSNRDA1', NULL, 57, 57, NULL, 8, '2019-10-23 23:38:03', NULL),
	(58, 'ESTEBAN', 'SIMBRON', 'GONZALEZ', '1', '2009-11-26', 'M', 'SIGE091126HVZMNSA7', NULL, 58, 58, NULL, 8, '2019-10-23 23:38:03', NULL),
	(59, 'JUSTIN TIMBERLAKE', 'VILLEGAS', 'MELGAREJO', '1', '2010-01-23', 'F', 'VIMJ100123MTSLLSA3', NULL, 59, 59, NULL, 8, '2019-10-23 23:38:03', NULL),
	(60, 'ITZEL GUADALUPE', 'ZALETAS', 'LOPEZ', '1', '2010-06-07', 'F', 'ZALI100607MVZLPTA8', NULL, 60, 60, NULL, 8, '2019-10-23 23:38:03', NULL),
	(61, 'VALERIA YAZMIN', 'ALDAZ', 'RIVERA', '1', '2009-11-25', 'F', 'AARV091125MVZLVLA5', NULL, 61, 61, NULL, 9, '2019-10-23 23:38:04', NULL),
	(62, 'JESUS ADOLFO', 'ALVARADO', 'GARCIA', '1', '2009-09-08', 'M', 'AAGJ090908HSLLRSA2', NULL, 62, 62, NULL, 9, '2019-10-23 23:38:04', NULL),
	(63, 'JORGE ALEXEI', 'BANDALA', 'SEBASTIAN', '1', '2009-02-04', 'M', 'BASJ090204HVZNBRA9', NULL, 63, 63, NULL, 9, '2019-10-23 23:38:04', NULL),
	(64, 'JOSUE RICARDO', 'BASTIAN', 'DE LOS SANTOS', '1', '2009-08-24', 'M', 'BASJ090824HTSSNSA8', NULL, 64, 64, NULL, 9, '2019-10-23 23:38:04', NULL),
	(65, 'SAMUEL ALEJANDRO', 'CONTRERAS', 'GONZALES', '1', '2009-08-19', 'M', 'COGS090819HTSNNMA9', NULL, 65, 65, NULL, 9, '2019-10-23 23:38:04', NULL),
	(66, 'ANA KAREN', 'CORONA', 'HERNANDEZ', '1', '2009-12-18', 'F', 'COHA091218MVZRRNA7', NULL, 66, 66, NULL, 9, '2019-10-23 23:38:04', NULL),
	(67, 'ROXANA YAMILETH', 'CRUZ', 'BAUTISTA', '1', '2008-05-04', 'F', 'CUBR080504MVZRTXA8', NULL, 67, 67, NULL, 9, '2019-10-23 23:38:04', NULL),
	(68, 'ROSARIO', 'GARCIA', 'CASTILLO', '1', '2009-01-14', 'F', 'GACR090114MVZRSSA7', NULL, 68, 68, NULL, 9, '2019-10-23 23:38:04', NULL),
	(69, 'AXEL ABRAHAM', 'GARCIA', 'GOMEZ', '1', '2009-08-10', 'M', 'GAGA090810HVZRMXA5', NULL, 69, 69, NULL, 9, '2019-10-23 23:38:05', NULL),
	(70, 'HECTOR HUGO', 'HERNANDEZ', 'ORTIZ', '1', '2009-02-01', 'M', 'HEOH090201HVZRRCA9', NULL, 70, 70, NULL, 9, '2019-10-23 23:38:05', NULL),
	(71, 'EDUARDO', 'HERNANDEZ', 'SANTES', '1', '2007-10-08', 'M', 'HESE071008HVZRNDA0', NULL, 71, 71, NULL, 9, '2019-10-23 23:38:05', NULL),
	(72, 'YISSEL VICTOR', 'MENDEZ', 'CAMPOS', '1', '2009-02-11', 'F', 'MECY090211MVZNMSA5', NULL, 72, 72, NULL, 9, '2019-10-23 23:38:05', NULL),
	(73, 'JOAN ALEXANDER', 'PALAGOT', 'VALENCIA', '1', '2008-10-20', 'M', 'PAVJ081020HTSLLNA1', NULL, 73, 73, NULL, 9, '2019-10-23 23:38:06', NULL),
	(74, 'ANGELI MICHELLE', 'PASCUAL', 'GARCIA', '1', '2009-07-19', 'F', 'PAGA090719MVZSRNA9', NULL, 74, 74, NULL, 9, '2019-10-23 23:38:06', NULL),
	(75, 'DULCE VIVIAN', 'PEREZ', 'GARCIA', '1', '2009-12-02', 'F', 'PEGD091202MVZRRLA3', NULL, 75, 75, NULL, 9, '2019-10-23 23:38:06', NULL),
	(76, 'GABRIEL AMAURY', 'PEREZ', 'OLMEDO', '1', '2009-07-15', 'M', 'PEOG090715HTSRLBA8', NULL, 76, 76, NULL, 9, '2019-10-23 23:38:07', NULL),
	(77, ' GIOVANNI', 'RAMOS', 'GARCIA', '1', '2009-09-12', 'M', 'RAGG090912HVZMRVA2', NULL, 77, 77, NULL, 9, '2019-10-23 23:38:07', NULL),
	(78, 'LUIS URIEL', 'BAUTISTA', 'VALENCIA', '1', '2008-03-15', 'M', 'BAVL080315HVZTLSA6', NULL, 78, 78, NULL, 11, '2019-10-23 23:38:07', NULL),
	(79, 'JUAN ANTONIO', 'CORONA', 'HERNANDEZ', '1', '2008-12-15', 'M', 'COHJ081215HVZRRNA2', NULL, 79, 79, NULL, 11, '2019-10-23 23:38:07', NULL),
	(80, 'BLADIMIR', 'GUZMAN', 'GONZALEZ', '1', '2008-12-10', 'M', 'GUGB081210HVZZNLA5', NULL, 80, 80, NULL, 11, '2019-10-23 23:38:07', NULL),
	(81, 'PALOMA ZURISADAY', 'HERNANDEZ', 'GARCIA', '1', '2008-11-25', 'F', 'HEGP081125MVZRRLA7', NULL, 81, 81, NULL, 11, '2019-10-23 23:38:08', NULL),
	(82, 'ALBERTO', 'HERNANDEZ', 'SANTES', '1', '2006-07-21', 'M', 'HESA060721HVZRNLA7', NULL, 82, 82, NULL, 11, '2019-10-23 23:38:08', NULL),
	(83, 'LISANDRO', 'HERRERA', 'SANTES', '1', '2008-07-12', 'M', 'HESL080712HVZRNSA3', NULL, 83, 83, NULL, 11, '2019-10-23 23:38:08', NULL),
	(84, 'FATIMA NEMITZEL', 'JAIMEZ', 'GARCIA', '1', '2007-11-21', 'F', 'JAGF071121MVZMRTA6', NULL, 84, 84, NULL, 11, '2019-10-23 23:38:08', NULL),
	(85, 'KEYDI ANALY', 'OLMEDO', 'GRANADOS', '1', '2008-09-30', 'F', 'OEGK080930MHGLRYA0', NULL, 85, 85, NULL, 11, '2019-10-23 23:38:08', NULL),
	(86, 'KARLA GUADALUPE', 'PEREZ', 'GARCIA', '1', '2008-12-12', 'F', 'PEGK081212MVZRRRA0', NULL, 86, 86, NULL, 11, '2019-10-23 23:38:09', NULL),
	(87, 'ALEXIA', 'PEREZ', 'SETIEN', '1', '2008-11-14', 'F', 'PESA081114MDFRTLA7', NULL, 87, 87, NULL, 11, '2019-10-23 23:38:09', NULL),
	(88, 'ADELA', 'RAMIREZ', 'CRUZ', '1', '2008-09-21', 'F', 'RACA080921MTSMRDA1', NULL, 88, 88, NULL, 11, '2019-10-23 23:38:09', NULL),
	(89, 'ESTANIS ALFREDO', 'SALAS', 'TRUJILLO', '1', '2008-01-09', 'M', 'SATE080109HTSLRSA8', NULL, 89, 89, NULL, 11, '2019-10-23 23:38:09', NULL),
	(90, 'FRIDA YARETZI', 'SANTES', 'BENAVIDES', '1', '2008-04-30', 'F', 'SABF080430MDFNNRA', NULL, 90, 90, NULL, 11, '2019-10-23 23:38:09', NULL),
	(91, 'MARDONIO', 'SANTIAGO', 'FERNANDEZ', '1', '2008-12-20', 'M', 'SAFM081220HTSNRRA9', NULL, 91, 91, NULL, 11, '2019-10-23 23:38:10', NULL),
	(92, 'ESTEBAN', 'VALENCIA', 'PEREZ', '1', '2008-10-17', 'M', 'VAPE081017HVZLSRA9', NULL, 92, 92, NULL, 11, '2019-10-23 23:38:10', NULL),
	(93, 'NOEMI', 'VEGA', 'ORTIZ', '1', '2008-05-03', 'F', 'VEON080503MVZGRMA1', NULL, 93, 93, NULL, 11, '2019-10-23 23:38:10', NULL);
